"PID","chain","chain_position","Self_Diagnosis","Other_Diagnosis","Other_HelpSeeking","Prevalence","Treatment","StartDate","post_AI_introduction","stimulus","study_num"
"ipSlcABd6W",25,"7",3,2,2,25,5,"2026-04-16 09:48:16",FALSE,"<ol><li>Fixation on a topic of interest</li><li>Constant interrupting </li><li>Seeking dopamine hits by buying something new</li><li>Impulsive spending </li><li>Impulsive behaviour</li></ol>","exp4"
"ZSPGoKwdt8",NA,"1",1,3,3,60,40,"2026-04-16 09:48:09",FALSE,"","exp4"
"Yy5qQKYkO3",99,"7",2,4,4,18,10,"2026-04-16 09:48:27",FALSE,"<ol><li>Constantly interrupting because you feel the need to say what you're thinking.  Being disruptive i.e. in a classroom</li><li>Having very little attention span throughout the day despite trying to be attentive.</li><li>Picking up a new book that interests you to read but putting it down after a few minutes because of boredom or disinterest</li><li>Watching a movie or being in a meeting, where you cannot stay still and are constantly bored.</li><li>Only being able to undertake simple tasks and shying away from complex tasks.  As a result, choosing a simple job and not a more demanding one.</li></ol>","exp4"
"nVicR0w1Bp",104,"7",4,4,3,75,50,"2026-04-16 09:49:26",FALSE,"<ol><li>Someone who is always moving, such as not being able to sit still.</li><li>Someone who acts on impulse a lot.</li><li>Someone who is often late to things like appointments.</li><li>Someone who makes quick decisions without thinking about consequences.</li><li>Someone who forgets things like birthdays and important dates.</li></ol>","exp4"
"Gvr2C3r6HY",61,"7",5,3,4,70,20,"2026-04-16 09:53:39",FALSE,"<ol><li>Fidgeting with things</li><li>Losing items</li><li>Talking over other people</li><li>Not being able to sit still</li><li>Finding it hard to concentrate on one thing (needs multiple stimulations)</li></ol>","exp4"
"okO7tqt0X7",21,"7",1,4,2,50,50,"2026-04-16 09:50:55",FALSE,"<ol><li>Being noisy</li><li>Distraction</li><li>Frustration</li><li>Restlessness</li><li>Short attention span</li></ol>","exp4"
"DaQSyh7x0o",51,"7",1,4,2,15,5,"2026-04-16 09:52:39",FALSE,"<ol><li>Lack of concentration</li><li>Sitting still</li><li>Wearing little or no clothes</li><li>Very emotional</li><li>Get upset very easily</li></ol>","exp4"
"EpTWsNLsxr",NA,"1",1,3,3,10,10,"2026-04-16 09:47:29",FALSE,"","exp4"
"bLeCjpNzDc",77,"7",1,4,4,10,5,"2026-04-16 09:51:08",FALSE,"<ol><li>Losing concentration</li><li>Acting impulsively</li><li>Having many thoughts in your head at once</li><li>Not completing a task that you start</li><li>Changing train of thought for no reason</li></ol>","exp4"
"deeB8ciT2e",NA,"1",1,2,2,30,80,"2026-04-16 09:53:14",FALSE,"","exp4"
"rB1TXMiX9C",NA,"1",1,1,1,2,2,"2026-04-16 09:50:08",FALSE,"","exp4"
"zr9wR5Cl7J",70,"7",1,4,2,20,20,"2026-04-16 09:53:00",FALSE,"<ol><li>Leg shaking</li><li>Focusing on 1 task and ignoring all</li><li>Struggling to focus</li><li>Talking over others</li><li>Increased energy in bursts</li></ol>","exp4"
"MMVKqkSZHD",NA,"1",3,4,1,60,30,"2026-04-16 09:49:45",FALSE,"","exp4"
"QVvSW4bOgF",NA,"1",1,2,2,10,5,"2026-04-16 09:52:06",FALSE,"","exp4"
"yQr7uajVBa",93,"7",1,4,2,35,20,"2026-04-16 09:53:19",FALSE,"<ol><li>Foot tapping</li><li>Forgetfulness, ask a question you've just asked 5 minutes ago</li><li>Lack of concentration</li><li>Fidgeting, can't sit still in places like cinemas</li><li>Seems full of energy</li></ol>","exp4"
"SkRQ9JG33N",39,"7",3,2,4,30,25,"2026-04-16 09:59:33",FALSE,"<ol><li>Not being able to stick with a task to completion</li><li>Risky or dangerous behaviours</li><li>Unable to sit calmly for extended periods</li><li>Engaging in uncontrolled compulsive damaging behaviours such as gambling</li><li>Inability to watch a whole TV show or read for a period of time, without feeling the need to swap</li></ol>","exp4"
"63BOcWRpaa",96,"7",1,4,3,15,10,"2026-04-16 09:56:31",FALSE,"<ol><li>Someone who is unable to sit still.</li><li>Someone who interrupts when you are talking about something.</li><li>Someone who struggles to maintain focus.</li><li>Someone who struggles to get regular sleep.</li><li>They might change the subject abruptly.</li></ol>","exp4"
"6MgkQGxxD2",NA,"1",1,3,2,15,5,"2026-04-16 09:52:17",FALSE,"","exp4"
"jGD6aB7SLu",NA,"1",1,1,1,2,1,"2026-04-16 09:53:46",FALSE,"","exp4"
"t56FV7vsqJ",NA,"1",1,2,1,10,5,"2026-04-16 09:55:02",FALSE,"","exp4"
"hfwHNMWnT5",NA,"1",2,3,2,60,40,"2026-04-16 09:58:27",FALSE,"","exp4"
"2fto8tu8t4",NA,"1",3,4,2,70,45,"2026-04-16 09:55:17",FALSE,"","exp4"
"ID9cNU5xjR",27,"7",1,2,1,4,1,"2026-04-16 10:01:38",FALSE,"<ol><li>Low attention span</li><li>Erratic behaviour</li><li>Forgetting simple things</li><li>Unable to stay still</li><li>Struggling to sleep</li></ol>","exp4"
"v1OvNl8hkL",NA,"1",3,2,2,2,0.5,"2026-04-16 10:02:17",FALSE,"","exp4"
"o91mIQ1tYB",NA,"1",4,3,2,15,5,"2026-04-16 09:48:33",FALSE,"","exp4"
"tJ05wGFIMj",NA,"1",2,4,4,9,4,"2026-04-16 10:01:25",FALSE,"","exp4"
"wB4iuTH44q",NA,"1",1,4,3,40,20,"2026-04-16 10:01:02",FALSE,"","exp4"
"GM7sXvMu7m",74,"7",3,4,2,20,10,"2026-04-16 10:11:30",TRUE,"<ol><li>A child not listening in class, distracting to others by leaving their seat constantly.</li><li>A colleague in work, constantly using a laptop to email during a face to face meeting.</li><li>A colleague at work unable to complete a piece of work by the deadline, due to lack of time awareness, constantly making mistakes due to distractions.</li><li>A child unable to listen to instructions. Interrupts in class without raising their hand.</li><li>An adult that is unable to organise themselves, losing important documents and has a general chaotic personality.</li></ol>","exp4"
"mHvbn8Hs2m",43,"7",1,1,3,15,10,"2026-04-16 10:15:03",TRUE,"<ol><li>While waiting in a queue, you are unable to stand still or hold anything in your hands still. You might wiggle your feet, move from side to side, or fiddle with something in your pocket or hands.</li><li>You have difficulty remembering key information - if you were given a verbal list of three things to do, you would listen to the first one, be still thinking about the first whilst the second is being said and miss the information, panic you had missed it, listen really hard to the third instruction and then not remember the first even though you had just been thinking about it.</li><li>You get brain fog and forget key words or faces of objects or people you see everyday temporarily. </li><li>During a conversation, you speak fast and may swap between different discussions intermittently - like what you had for breakfast and the information about a colleague plus what you are doing on Saturday, all jumbled together like one coherent conversation.</li><li>You have long periods where you are overwhelmed by the amount of jobs to do and so instead of starting one you sit inactive staring at the computer screen.</li></ol>","exp4"
"XPYwAOTTyY",32,"7",2,4,1,27,0.9,"2026-04-16 09:50:04",FALSE,"<ol><li>Talking over others when they are talking</li><li>If talking to others, you tend to talk about yourself</li><li>Not being able to focus on things</li><li>Not sleeping when others are asleep</li><li>Not sitting still for long periods</li></ol>","exp4"
"ZJj2Pj9Vd8",NA,"1",5,4,4,20,5,"2026-04-16 11:11:29",FALSE,"","exp4"
"4VX1DnELuR",87,"7",1,4,3,25,10,"2026-04-16 11:09:46",FALSE,"<ol><li>Unable to sit in a classroom and listen</li><li>Feeling the need to cause a scene and be the centre of attention</li><li>Feeling very uneasy in a quiet environment</li><li>Lashing out when being asked to do something</li><li>Shouting angrily at people who are trying to help</li></ol>","exp4"
"17RzZAu4aZ",NA,"1",1,2,2,15,10,"2026-04-16 11:15:58",FALSE,"","exp4"
"cvminD0cz6",48,"7",3,2,2,40,30,"2026-04-16 11:17:56",TRUE,"<ol><li>Trouble focusing on assignments when they are lengthy.</li><li>In meetings or gatherings, trouble sitting still or being restless.</li><li>Being late to appointments regularly or forgetting the appointments.</li><li>While talking or discussing something, you get distracted easily.</li><li>Quickly changing the topic or forgetting the topic during conversation.</li></ol>","exp4"
"awiZHdek6T",NA,"1",4,4,5,12,4,"2026-04-16 11:05:43",FALSE,"","exp4"
"G5uXQe21ZC",59,"7",2,4,1,40,1,"2026-04-16 11:22:43",FALSE,"<ol><li>Inability to multitask - for example, watching a show and eating a meal</li><li>Inability to hold a conversation with someone without the mind wandering off </li><li>Inability to sit still - for example, at a desk, your feet or fingers would be fidgeting</li><li>Getting hyper focused on one topic and becoming obsessed with or fixated on it</li><li>Not finishing a task and moving onto another one, being unable to complete one thing </li></ol>","exp4"
"D1KbkH2CcP",NA,"1",1,2,2,8,8,"2026-04-16 11:18:28",FALSE,"","exp4"
"CvCN0ytvsE",NA,"1",4,4,3,20,5,"2026-04-16 11:22:29",FALSE,"","exp4"
"pKFNyXOGal",110,"7",1,4,3,5,2,"2026-04-16 11:13:33",FALSE,"<ol><li>Struggle to sit still/ constantly fidgeting.</li><li>Difficulty in social situations - unable to read social signals.</li><li>Dislike of quiet or calm - needing sound and sensory stimulation.</li><li>Really sensitive to rejection.</li><li>Can't concentrate on one thing.</li></ol>","exp4"
"cReIPIGxQt",NA,"1",3,3,1,10,5,"2026-04-16 11:22:16",FALSE,"","exp4"
"EUNp1Jryru",102,"7",1,1,3,60,50,"2026-04-16 11:34:20",FALSE,"<ol><li>Being distracted easily.</li><li>Asking the time constantly.</li><li>Twisting your own hair until it pulls out.</li><li>Losing items.</li><li>Not being able to engage in a conversation.</li></ol>","exp4"
"ZI65gcqi0g",64,"7",2,3,2,30,20,"2026-04-16 11:36:57",FALSE,"<ol><li>Losing items</li><li>Difficulty concentrating</li><li>Impulsivity/fidgety</li><li>Short attention span</li><li>Forgetfulness</li></ol>","exp4"
"yMfUaEZwv2",NA,"1",1,2,2,50,50,"2026-04-16 11:34:50",FALSE,"","exp4"
"a9nXPGQmBN",NA,"1",2,4,2,15,5,"2026-04-16 11:33:53",FALSE,"","exp4"
"BWKS2GcUQj",84,"7",1,2,1,10,2,"2026-04-16 11:28:23",FALSE,"<ol><li>Struggling to finish tasks/half-completing repeatedly, especially ones requiring sustained focus and concentration. </li><li>Difficulties with prioritisation and time management. </li><li>Repeated daily routines, often adhered to rigidly. </li><li>Emotional dysregulation including rejection sensitive dysphoria, even if not DSM-5 recognised. </li><li>Distractability, including in conversations seen as forgetting topic or subject matter information half-way through conversation, switching topics repeatedly and sometimes erratically speaking/interrupting out of turn. </li></ol>","exp4"
"gvlEs2e86D",NA,"1",1,2,1,30,30,"2026-04-16 11:40:20",FALSE,"","exp4"
"ZH3Su4IZ1x",NA,"1",4,4,2,8,5,"2026-04-16 11:29:24",FALSE,"","exp4"
"V7a2SuQwSq",NA,"1",1,2,2,5,1,"2026-04-16 11:40:46",FALSE,"","exp4"
"R8E2nYeKr2",26,"7",1,4,2,10,1,"2026-04-16 11:33:09",FALSE,"<ol><li>Unable to focus on tasks such as academic studying</li><li>Unable to sit still and constantly busy</li><li>Being impulsive in decisions</li><li>Easily distracted from everyday things</li><li>Overtalks in social situations</li></ol>","exp4"
"Lz5iBSGgPi",9,"7",1,2,1,25,15,"2026-04-16 11:46:15",FALSE,"<ol><li>Forgetting coats, phones and general important things that seem commonplace</li><li>Chatty</li><li>Interrupting and not listening to conversations</li><li>Extreme energy</li><li>Lethargy</li></ol>","exp4"
"8n5n1OigF5",40,"7",1,2,2,5,2,"2026-04-16 11:26:29",FALSE,"<ol><li>Talking fast</li><li>Misplacing items</li><li>Lack of focus</li><li>Inability to sit still</li><li>Impulsiveness </li></ol>","exp4"
"J4b7j6GhiU",82,"7",1,2,2,5,5,"2026-04-16 11:42:05",FALSE,"<ol><li>Daydreams a lot</li><li>Difficulty concentrating on tasks</li><li>Difficulty recognising pauses in conversations</li><li>Constantly switching between tasks</li><li>Difficulty concentrating on reading</li></ol>","exp4"
"ev5UwalOIQ",NA,"1",1,1,2,30,5,"2026-04-16 11:57:00",FALSE,"","exp4"
"KUUnrMHrxY",23,"7",1,3,1,20,2,"2026-04-16 11:47:53",FALSE,"<ol><li>You are very fidgety</li><li>You are hyperactive</li><li>You cannot focus on one task for very long</li><li>You get bored easily</li><li>You move around a lot</li></ol>","exp4"
"bTFuYdfvJU",NA,"1",3,4,2,30,15,"2026-04-16 11:56:33",FALSE,"","exp4"
"UysF3Yqx1c",NA,"1",2,2,2,25,10,"2026-04-16 12:00:55",TRUE,"","exp4"
"nfJujIZOpy",80,"7",2,4,4,40,50,"2026-04-16 11:57:47",FALSE,"<ol><li>Not being able to sit still</li><li>Not being able to concentrate on tasks</li><li>Not being able to relax</li><li>Not being able to study properly </li><li>Not being able to focus</li></ol>","exp4"
"LXa1DlwKXR",NA,"1",2,2,2,40,10,"2026-04-16 12:04:50",FALSE,"","exp4"
"1B6mdIgJU7",90,"7",1,2,3,10,3,"2026-04-16 12:00:41",FALSE,"<ol><li>Starting one job then becoming distracted and moving to another</li><li>Sitting down with a group of people who are already talking and butting in</li><li>Fidgeting and moving about during a TV programme</li><li>Making inappropriate remarks in a conversation with people you hardly know</li><li>Making personal comments about someone's appearance</li></ol>","exp4"
"ca03KMDi8l",NA,"1",1,1,1,20,10,"2026-04-16 12:26:28",FALSE,"","exp4"
"Zd4Mn4kxoP",106,"7",2,2,3,40,20,"2026-04-16 12:38:50",FALSE,"<ol><li>Unable to sit still</li><li>Fidgety</li><li>Unable to focus on a task for a long time</li><li>Distracted</li><li>Short temper</li></ol>","exp4"
"ajN4dPoyXn",13,"7",2,3,1,5,2,"2026-04-16 12:44:12",FALSE,"<ol><li>Unable to write a to do list or follow one</li><li>Can't finish a book no matter how many times you pick it up</li><li>Can't sit still</li><li>Talk over people's conversations</li><li>Can't concentrate</li></ol>","exp4"
"QN3M2qFR1y",NA,"1",1,1,1,5,2,"2026-04-16 12:57:06",FALSE,"","exp4"
"dZzrdBFqRe",NA,"1",2,2,1,5,5,"2026-04-16 13:03:47",FALSE,"","exp4"
"kIiJPBawtd",20,"7",1,1,1,66,15,"2026-04-16 13:18:02",FALSE,"<ol><li>A person may start a task such as emptying bins in their home but then get distracted halfway through and start another task and leave something unfinished. </li><li>A person may put something down or things in random places because they got distracted.</li><li>A person may interrupt others because they are trying to speed through conversations or are restless or unsure of when it is their turn to talk. </li><li>A person may struggle to regulate their own feeling and emotions and may have outbursts.</li><li>A person may have limited cognitive load capabilities and therefore struggle in situations that others may not find stressful. </li></ol>","exp4"
"qAkyBvd4zL",4,"7",1,2,1,10,2,"2026-04-16 13:28:21",FALSE,"<ol><li>Cannot keep calm even if one needs to be.</li><li>Have short span of focus in daily activities even they are important.</li><li>Inappropriate emotions with respective to the condition.</li><li>Over-active even if conditions don't allow it.</li><li>Difficult to complete the assigned tasks.</li></ol>","exp4"
"r8B9qDpXIz",NA,"1",1,4,4,35,20,"2026-04-16 13:35:34",FALSE,"","exp4"
"GH9FemwqyV",NA,"1",4,4,2,20,5,"2026-04-16 13:52:27",FALSE,"","exp4"
"LbT3MXYscj",NA,"1",3,2,2,30,15,"2026-04-16 13:51:24",FALSE,"","exp4"
"5wm4qczWDa",30,"7",4,3,1,50,20,"2026-04-16 13:33:38",FALSE,"<ol><li>Inability to sit still for prolonged periods</li><li>Forgetting important dates</li><li>Easily distracted from a task</li><li>Becoming hyper fixated on small details</li><li>Starting multiple tasks without completing the previous ones.</li></ol>","exp4"
"ubohLVWqhR",54,"7",2,4,4,50,50,"2026-04-16 13:58:31",FALSE,"<ol><li>Not being able to concentrate</li><li>Forgetting what you are meant to be doing or where you have put things</li><li>Fidgeting and being unable to sit still</li><li>Constantly being late, procrastinating, and missing deadlines</li><li>Talking too much and not being able to stop; feeling like your brain is working rapidly</li></ol>","exp4"
"e9AyR4AnV0",22,"7",1,1,2,10,2,"2026-04-16 14:16:11",FALSE,"<ol><li>Lack of focus on tasks</li><li>Easily distracted</li><li>Not able to retain information easily</li><li>Becomes frustrated easily</li><li>Less academically minded</li></ol>","exp4"
"ZqFqcb4cll",68,"7",1,2,2,20,10,"2026-04-16 14:28:56",FALSE,"<ol><li>Poor planning</li><li>Attention Difficulties</li><li>Lack of eye contact</li><li>Jittery</li><li>Not finishing tasks</li></ol>","exp4"
"CuylUiffYI",NA,"1",1,2,1,2,1,"2026-04-16 14:35:01",FALSE,"","exp4"
"Xd6mqlxmwk",NA,"1",1,2,2,8,5,"2026-04-16 14:37:11",FALSE,"","exp4"
"NIAn44BWCb",NA,"1",1,2,2,20,10,"2026-04-16 14:39:45",FALSE,"","exp4"
"GG60Vpqd0t",12,"7",1,4,2,5,3,"2026-04-16 14:44:58",FALSE,"<ol><li>Inability to cope with silence, restlessness.</li><li>Distracted mid-conversation and going off onto another subject</li><li>Impulsive behaviours</li><li>Constantly losing items</li><li>Explosive anger.</li></ol>","exp4"
"K0iZjaVqXl",60,"7",4,2,3,15,10,"2026-04-16 14:50:57",FALSE,"<ol><li>Talking too much to a colleague during a work lunch break.</li><li>Starting to write an email and then losing concentration</li><li>Waiting for the kettle to boil and pacing back and forth</li><li>Not being able to sit still while watching TV</li><li>Forgetting to attend an appointment</li></ol>","exp4"
"J7cdXETFSV",17,"7",1,2,2,5,3,"2026-04-16 14:38:34",FALSE,"<ol><li>Fidgeting</li><li>Poor time management</li><li>Being restless</li><li>Too much energy and unsure where to channel it</li><li>Struggling to control your movements</li></ol>","exp4"
"pdviQj00GJ",NA,"1",2,2,2,10,10,"2026-04-16 14:56:08",FALSE,"","exp4"
"lFNdigsWsj",91,"7",2,2,2,30,20,"2026-04-16 15:13:59",FALSE,"<ol><li>Struggle with deadlines</li><li>Struggle keeping focus</li><li>Struggle sitting for long periods</li><li>Struggle being on time to places</li><li>Fall behind with work</li></ol>","exp4"
"DaQY0sJSfL",100,"7",1,1,1,3,2,"2026-04-16 15:13:30",TRUE,"<ol><li>Brain fog</li><li>Restlessness</li><li>Forgetting where things are placed</li><li>Unable to manage simple tasks</li><li>Failing to understand & complete a task</li></ol>","exp4"
"R4u3RQbts3",57,"7",1,5,3,15,5,"2026-04-16 15:25:53",TRUE,"<ol><li>Inability to focus on one person at a time</li><li>Constant interruption of others</li><li>Unable to follow a conversation closely</li><li>Unable to complete a task</li><li>Not being able to sit still for a prolonged length of time</li></ol>","exp4"
"hdwNQn7NVc",NA,"1",3,1,2,10,8,"2026-04-16 15:32:52",FALSE,"","exp4"
"ttjUj4Ca5F",NA,"1",2,4,1,12,6,"2026-04-16 12:53:26",FALSE,"","exp4"
"fxGnUrR2T4",NA,"1",1,3,3,5,5,"2026-04-16 15:30:37",FALSE,"","exp4"
"ZEyMd4uZrc",41,"7",2,4,4,20,20,"2026-04-16 15:46:11",TRUE,"<ol><li>Hyperactivity</li><li>Disorganisation</li><li>Daydreaming</li><li>Fidgeting</li><li>Impatient</li></ol>","exp4"
"9BaYumUR97",79,"7",1,4,5,70,20,"2026-04-16 15:58:17",FALSE,"<ol><li>Brain feels like it jumps from one thing to another. </li><li>Can’t physically sit still for long periods of time. </li><li>Sometimes, their flow or words end up muddled because they feel like their brain is going faster than their mouth </li><li>Their room feels extremely messy to others, but to them, everything makes sense </li><li>Finding reading boring and getting distracted </li></ol>","exp4"
"FdMUAorjdN",NA,"1",3,3,3,30,25,"2026-04-16 15:52:45",TRUE,"","exp4"
"HXyiXh5hqQ",NA,"1",3,1,1,20,5,"2026-04-16 16:06:33",FALSE,"","exp4"
"u3vbhXaM56",NA,"1",1,2,1,40,40,"2026-04-16 16:04:57",FALSE,"","exp4"
"8goOUy8Pjp",31,"7",2,1,1,30,10,"2026-04-16 16:01:20",FALSE,"<ol><li>Being unable to focus on a single task and getting sidetracked/distracted while doing it.</li><li>Interrupting other people while they're speaking in order to voice a thought that just came to your mind.</li><li>Being unable to read a text through to the end without getting distracted.</li><li>Being unable to watch something on TV without looking at your phone in the meantime.</li><li>Being unreliable with tasks assigned to you and having to be constantly reminded of them.</li></ol>","exp4"
"z4HspS230m",28,"7",1,2,2,10,4,"2026-04-16 16:26:21",FALSE,"<ol><li>Unable to sit still for long periods of time</li><li>Unable to concentrate for long periods of time</li><li>Interrupting people without realising</li><li>Inability to be organised</li><li>Trouble resting</li></ol>","exp4"
"EX8dsIsvQX",NA,"1",4,2,3,75,80,"2026-04-16 16:24:46",TRUE,"","exp4"
"eRfdDvKV3L",78,"7",1,3,2,40,10,"2026-04-16 16:38:24",FALSE,"<ol><li>Getting distracted at the task at hand</li><li>Constant fidgeting of objects, restless legs</li><li>Inability to sit still </li><li>Paying less attention to when someone is talking to you, unable to string a conversation</li><li>Constant interrupting of people when they are talking</li></ol>","exp4"
"msXGKDWgZg",103,"7",2,3,4,20,20,"2026-04-16 16:33:32",FALSE,"<ol><li>Interrupting or talking over others</li><li>Taking action before thinking things through or coming up with a plan</li><li>Struggling to focus or concentrate on a task for periods of time</li><li>Difficulties with empathy and understanding others' emotions</li><li>Quick to interrupt comments or behaviours as a personal attack</li></ol>","exp4"
"Hu1y81I1Ow",NA,"1",1,3,3,30,30,"2026-04-16 11:39:08",FALSE,"","exp4"
"bBVtXaUP0B",5,"7",1,2,1,30,20,"2026-04-16 16:59:52",FALSE,"<ol><li>Person cannot concentrate on work for long periods of time as they feel fidgety</li><li>A person may struggle to sit through long car journeys without regular breaks</li><li>A person may forget birthdays and other important dates</li><li>A person may frequently be late as they struggle to focus when getting ready</li><li>A person may not be able to finish a job such as cleaning a room because they feel overwhelmed and lose focus on the objective</li></ol>","exp4"
"leL8gE1Q0A",NA,"1",3,2,2,25,10,"2026-04-16 16:38:47",FALSE,"","exp4"
"NdBcUnrEVs",NA,"1",2,2,2,10,8,"2026-04-16 17:08:23",FALSE,"","exp4"
"Tk4uWt4D2F",46,"7",1,2,3,40,30,"2026-04-16 17:14:11",TRUE,"<ol><li>Always having problems when trying to sleep</li><li>Unable to sit down and watch TV, constantly 'on the go', wandering about up and down</li><li>When sitting, always moving about in the seat, moving hands, looking everywhere</li><li>Unable to accept simple decisions without digging deep into 'whys and wherefores'</li><li>Mind wanders from one subject to another, never able to concentrate on one</li></ol>","exp4"
"hjSr8ezUPH",NA,"1",1,2,1,15,4,"2026-04-16 17:15:06",FALSE,"","exp4"
"kgcMkftrPF",NA,"1",3,2,2,10,5,"2026-04-16 17:19:49",FALSE,"","exp4"
"6F9lEWJcAM",24,"7",2,2,1,30,10,"2026-04-16 15:44:03",FALSE,"<ol><li>Hyperactivity</li><li>Lack of concentration</li><li>Fidgeting</li><li>Being unable to stay still</li><li>Not following commands</li></ol>","exp4"
"jo89R7S1eV",65,"7",1,4,2,6,3,"2026-04-16 17:27:49",FALSE,"<ol><li>Can't sit still</li><li>Can't concentrate</li><li>Can't follow instructions</li><li>No good concept of time management</li><li>Interrupt others in conversations</li></ol>","exp4"
"117hsWh0zH",NA,"1",1,1,1,45,30,"2026-04-16 17:31:34",FALSE,"","exp4"
"RZl6P8VFtB",NA,"1",2,4,3,20,5,"2026-04-16 17:38:05",FALSE,"","exp4"
"umuJqWb2qH",10,"7",1,1,2,4,4,"2026-04-16 17:35:01",FALSE,"<ol><li>Interrupting when people are talking</li><li>Being unable to focus on tasks</li><li>Talking very fast</li><li>Changing the topic of conversation often</li><li>Being restless</li></ol>","exp4"
"SULQTZLe1Q",109,"7",1,2,1,20,5,"2026-04-16 17:47:29",FALSE,"<ol><li>Being late for meetings because you lost track of time</li><li>Not being able to sit still and feeling restless</li><li>Interrupting people in conversations because you don't know when to speak</li><li>Losing track of thoughts because your mind is racing</li><li>Being fidgety because you feel like you're being driven by a motor</li></ol>","exp4"
"LkMug9PbSX",NA,"1",2,4,4,30,10,"2026-04-16 17:38:16",FALSE,"","exp4"
"7koPPJ0Dwr",NA,"1",1,2,2,2,1,"2026-04-16 17:52:08",FALSE,"","exp4"
"WrQr4i960M",29,"7",1,3,1,9,9,"2026-04-16 18:09:29",FALSE,"<ol><li>Starts moving around in seat or restless legs when in a position for too long.</li><li>Forgetting what you want came into a room to do.</li><li>Spend thousands on a  new hobby and abandoning it when the novelty wears out.</li><li>Emotional outburst when overstimulated.</li><li>Wardrobe never organised but has a chaotic system.</li></ol>","exp4"
"J0ycWtWB1q",94,"7",2,2,2,35,20,"2026-04-16 17:41:06",FALSE,"<ol><li>Starting a task and then flipping to another task within 5 mins and not finishing the original task</li><li>Not being able to focus on one thing at a time</li><li>Not taking in when someone is talking to you and your mind wanders off to other things, so you do not take in what that person is saying to you </li><li>Sitting to watch something and being distracted by your phone and then not watching what was on and missing it</li><li>Knowing you should be doing something important and not doing that task and being distracted into doing something that is not important or needed in the slightest</li></ol>","exp4"
"ncYoGrHYRG",NA,"1",1,5,1,5,1,"2026-04-16 18:52:26",FALSE,"","exp4"
"4B34AEiW9L",88,"7",2,2,1,20,10,"2026-04-16 18:51:59",FALSE,"<ol><li>Always having to be doing something, unable to just relax and do nothing. For e.g., not sitting to eat dinner without talking or watching tv or scrolling on phone</li><li>Missing appointments very often because you’ve either misremembered the time/date, or you’ve forgotten about them completely. </li><li>Finding it difficult to concentrate for very long on, for example, a book or tv show.  So the sufferer ends up frustrated with themselves.  </li><li>Projects get abandoned before they can be finished, even if they were really enjoyable to do.  So a hobby may easily fall by the wayside and end up cluttering the living space.  </li><li>An inability to manage a household, which will result in living in mess and/or dirt.  Often, ADHD sufferers don’t know how to get out of the mess situation, because they’re unable to organise themselves efficiently.</li></ol>","exp4"
"mkHXe0ITe5",NA,"1",3,2,3,25,50,"2026-04-16 19:12:44",FALSE,"","exp4"
"xiXdP9bedv",NA,"1",1,3,3,15,10,"2026-04-16 18:39:04",FALSE,"","exp4"
"6yiK16jCkE",NA,"1",1,4,4,10,2,"2026-04-16 19:01:36",FALSE,"","exp4"
"Hh2jb4kb0Y",58,"7",2,4,3,8,5,"2026-04-16 19:13:16",FALSE,"<ol><li>Lack of focus</li><li>Hyperactivity</li><li>Losing things and being forgetful</li><li>Mood swings</li><li>Inability to finish a task
</li></ol>","exp4"
"qOvusWPvGd",35,"7",4,4,2,20,10,"2026-04-16 19:33:21",FALSE,"<ol><li>Fidgeting</li><li>Difficulty concentrating on tasks</li><li>Hyperactivity</li><li>Talking over people during conversations</li><li>Hyperfixation on particular tasks</li></ol>","exp4"
"nVMm7PUr2n",81,"7",1,4,2,5,3,"2026-04-16 19:54:46",FALSE,"<ol><li>Not being able to concentrate on one thing at a time.</li><li>Hyperactivity, constantly feeling restless and not being able to calm yourself down.</li><li>Impulsivity, acting without thinking of consequences, interrupting other people when in conversations. </li><li>Organisational issues, not being able to to manage time schedules or losing things such as purse or keys.</li><li>Nervousness, traits such as biting nails.</li></ol>","exp4"
"ngFWppEMer",NA,"1",3,3,2,10,5,"2026-04-16 20:11:35",FALSE,"","exp4"
"5Ok85iESog",NA,"1",1,1,1,5,3,"2026-04-16 20:33:33",FALSE,"","exp4"
"J1YatY9RM4",95,"7",2,4,1,50,10,"2026-04-16 20:36:20",FALSE,"<ol><li>Feeling restless when sitting or lying down, an urge to get up and move, bursts of energy </li><li>Feeling forgetful, unsure where you have placed items </li><li>Talking too much, not knowing when to slow down or stop, can interfere with social situations </li><li>Feeling like your emotions are up and down and a bit unpredictable </li><li>Having OCD thoughts + physical feelings, but being unable to focus your attention on any one thing for too long </li></ol>","exp4"
"TRnVKJFbgC",NA,"1",1,2,3,5,3,"2026-04-16 20:54:23",FALSE,"","exp4"
"RRbYS1iKxB",98,"7",4,2,3,8,15,"2026-04-16 20:59:27",FALSE,"<ol><li>A person who can't remember where they just put something down.</li><li>A person who has difficulty concentrating on one task at a time, constantly mind hopping to other situations.</li><li>Coincidentally, a person who gets fixated on one idea, and won't listen to any alternative.</li><li>A person who lacks concentration when being taught something - someone who is constantly looking out the window.</li><li>Someone who finds it hard to accept another individual's viewpoint.</li></ol>","exp4"
"IoCXAosx8m",NA,"1",1,2,1,80,10,"2026-04-16 21:05:45",FALSE,"","exp4"
"dtAc6Qextz",NA,"1",3,4,4,20,8,"2026-04-16 21:52:24",FALSE,"","exp4"
"A4CihXCEF3",89,"7",3,1,1,15,5,"2026-04-16 22:04:41",FALSE,"<ol><li>Putting things in order - lining up toys or colours </li><li>Constant moving - swinging leg when sitting or playing with hands fidgeting</li><li>Double checking you have locked the door or the car windows are closed or you have your phone with you </li><li>Have a distraction to focus and channel energy i.e. gym</li><li>Struggling in social environments, not wanting to be too quiet or loud</li></ol>","exp4"
"0du0xO5qPD",15,"7",3,3,3,20,40,"2026-04-16 22:16:02",TRUE,"<ol><li>While doing a task like cleaning, people with ADHD get distracted and they do not finish the task.</li><li>They find it hard to recognise facial expressions, body language from other people.</li><li>When involved in a conversation, they do not listen or focus on the conversation.</li><li>They find it hard to follow conversations, engage with them.</li><li>They can't focus or pay attention to one thing for a long periods of time and constantly keep doing other things.</li></ol>","exp4"
"IR0HNyCZMZ",NA,"1",2,2,2,7,3,"2026-04-16 22:50:14",FALSE,"","exp4"
"O5QFb5hEoo",42,"7",2,5,2,20,5,"2026-04-16 23:09:56",FALSE,"<ol><li>Turning up late to appointments</li><li>Tapping on surfaces</li><li>Inability to focus on one task at hand</li><li>Appearance of misbehaviour</li><li>Mental fog</li></ol>","exp4"
"JSYDgNuejL",NA,"1",1,2,2,1,1,"2026-04-16 23:11:41",FALSE,"","exp4"
"V8l6F9sM7f",NA,"1",1,4,4,20,10,"2026-04-16 23:29:33",FALSE,"","exp4"
"eeN1XHJ1dB",85,"7",1,1,3,5,2,"2026-04-17 00:25:12",FALSE,"<ol><li>Not being able to concentrate on a task</li><li>Becoming easily distracted</li><li>Difficult to hold a conversation</li><li>Restlessness </li><li>Difficult staying on a train of thought</li></ol>","exp4"
"4LmY3ZUayZ",8,"7",1,1,3,10,5,"2026-04-17 01:52:12",FALSE,"<ol><li>Short attention span - can't watch a story that is too long.</li><li>Difficulty completing task in one go - e.g. homework.</li><li>Daydreaming - in their own world, not aware of their environment - e.g. teacher talking.</li><li>Fidgeting - can't sit still, easily distracted - e.g. it starts snowing outside.</li><li>Struggling academically because of the above examples.</li></ol>","exp4"
"ZxydaeG0bV",107,"7",1,2,2,3,3,"2026-04-17 07:37:02",FALSE,"<ol><li>Disruptive</li><li>Forgetful thinking</li><li>Restless</li><li>Behavior</li><li>Naughty</li></ol>","exp4"
"QALVWhCnZh",108,"7",1,2,3,24,15,"2026-04-17 07:55:46",FALSE,"<ol><li>Unable to concentrate </li><li>Anxiety</li><li>Bad with money </li><li>Can’t concentrate </li><li>Can’t focus</li></ol>","exp4"
"qwzxe7p5Ms",NA,"1",1,1,1,35,35,"2026-04-17 08:00:57",FALSE,"","exp4"
"bVuUIK2uxM",NA,"1",3,2,1,25,10,"2026-04-17 09:24:27",FALSE,"","exp4"
"1673bqM0jC",63,"7",1,3,2,10,5,"2026-04-17 09:52:12",FALSE,"<ol><li>Characteristically, ADHD can be presented as nervous energy, such as frequent leg tapping</li><li>Being unable to concentrate on things that are not immediately rewarding</li><li>As a child, an inability to share toys or play well with others</li><li>Nervous tics causing continual interruption</li><li>Frequently jumping between topics of conversation without finishing prior thoughts</li></ol>","exp4"
"szpYs8Yzra",NA,"1",1,2,1,7,4,"2026-04-17 10:05:35",FALSE,"","exp4"
"Ocnf1rJNJi",72,"7",2,2,2,5,3,"2026-04-17 10:46:32",FALSE,"<ol><li>Unable to arrive anywhere on time. Despite knowing how to get there, being given reminders to get ready. they are never ever there on time. Despite knowing that people find it extremely annoying, they just don't seem to care </li><li>They can't focus. When it is suggested they write a to do list, its just too hard. They can't focus at all. They can't make a plan, so they can't make a shopping list. They can't do chores because if they need to wash the floor, they are then looking at the skirting board or the walls or the carpet and nothing gets done.</li><li>It's impossible for them to remember what they wanted to do, where they wanted to go. Or if they do remember to go to the library, they forget their books. They are the person in the queue at the supermaket who looks surprised when they realise they have to pay and start fumbling for their wallet when everything is already scanned.</li><li>Instructions are just talk, or a piece of paper. They love to cook but it isn't intuitive and they can't follow a recipe. Their mind skips all over the place. So nothing is ever what they imagined and then they are cross with themselves.</li><li>When they are pressured to focus on something, like a phone call to family, or watching tv, they have to have their cat or dog on their lap to keep them grounded, to stop hands fluttering and to stop getting up and wandering or more importanly playing with their phone. They don't listen to conversations, phone games are the only thing they focus on </li></ol>","exp4"
"vtQJiBa7GW",34,"7",4,3,2,15,10,"2026-04-17 11:02:54",FALSE,"<ol><li>Extremely fidgety in situations or social events, or even when alone.</li><li>Speaking impulsively without thinking much.</li><li>Cannot focus on a single thing.</li><li>Loses interest in things quickly.</li><li>Easy to distract.</li></ol>","exp4"
"UPdjZn127k",NA,"1",3,1,2,35,5,"2026-04-17 10:55:52",TRUE,"","exp4"
"1tX4SWHo4B",NA,"1",1,1,1,0.01,0.01,"2026-04-17 11:33:13",FALSE,"","exp4"
"GpSJs4O5N2",NA,"1",2,2,2,43,20,"2026-04-17 11:37:59",FALSE,"","exp4"
"mU27vt4oEP",NA,"1",1,1,1,10,6,"2026-04-17 12:03:49",FALSE,"","exp4"
"K8iBntgc1O",36,"7",1,2,2,20,10,"2026-04-17 11:55:27",FALSE,"<ol><li>Not being able to finish what you started</li><li>Not being able to focus on tasks</li><li>Not responding to people</li><li>Taking on multiple tasks</li><li>Forgetting what you were doing</li></ol>","exp4"
"UktCKwvk9f",62,"7",1,3,2,10,5,"2026-04-17 12:33:54",TRUE,"<ol><li>Fidgeting in class while the other students are sat listening to the teacher.</li><li>Forgetting to bring in your PE kit or school books because you simply didn't remember.</li><li>Being impulsive and not thinking before you speak.</li><li>Not being able to focus on one thing at a time.</li><li>You can be easily distracted so completing tasks becomes difficult</li></ol>","exp4"
"BuTAKphkge",NA,"1",4,2,2,5,1,"2026-04-17 13:09:46",FALSE,"","exp4"
"a9obMvsnqp",19,"7",1,2,2,30,12,"2026-04-17 13:50:33",FALSE,"<ol><li>You say you'll meet somebody at a particular time and either forget or be really late</li><li>You won't be able to concentrate for long periods of time without getting really distracted</li><li>You'll forget to post a parcel you have been meaning to post for weeks</li><li>You fidget a lot when you're sat down and find it difficult to stay still for long periods</li><li>You double book plans because you've forgotten about one and then cancel last minute</li></ol>","exp4"
"0eauVvMxs6",11,"7",1,2,1,5,5,"2026-04-17 13:46:33",FALSE,"<ol><li>Struggling to listen to someone speaking while watching TV</li><li>Struggling to finish tasks perceived as boring</li><li>Fidgeting or unable to remain still</li><li>Always moving to the next project</li><li>Mind always busy with several different ideas at once</li></ol>","exp4"
"3t6MdpMzIi",69,"7",1,2,1,40,20,"2026-04-17 13:54:51",FALSE,"<ol><li>Talk over people</li><li>Short span of concentration</li><li>Fidgety, can't concentrate on one thing for long</li><li>Does not complete tasks</li><li>Disorganised</li></ol>","exp4"
"cGSFY4110H",NA,"1",1,2,2,8,4,"2026-04-17 14:00:02",FALSE,"","exp4"
"S3QwBID1Ra",NA,"1",1,2,1,16,8,"2026-04-17 14:24:11",TRUE,"","exp4"
"IU114RiccS",NA,"1",1,4,3,35,20,"2026-04-17 14:24:02",FALSE,"","exp4"
"Y7ScPOJgVc",101,"7",2,2,2,25,20,"2026-04-17 14:50:31",FALSE,"<ol><li>Interrupting others' conversations </li><li>Being unable to sit still and being jittery </li><li>Unable to focus on schoolwork or real work for longer than a few minutes </li><li>Unable to stick to a routine and just finding yourself distracted easily </li><li>Being seemingly awkward or annoying in social situations, but really it's just your attempt to be social </li></ol>","exp4"
"DYw0Mfs1Co",NA,"1",1,2,1,15,5,"2026-04-17 14:49:46",FALSE,"","exp4"
"99y7Xw3lly",NA,"1",2,2,3,10,8,"2026-04-17 15:41:19",FALSE,"","exp4"
"1K34saMmOZ",18,"7",1,3,3,10,10,"2026-04-17 15:50:35",TRUE,"<ol><li>Neglecting to finish what you set out to do</li><li>Forgetting to complete a task</li><li>Getting distracted by other stimuli</li><li>Unable to concentrate</li><li>Inability to focus on the main task</li></ol>","exp4"
"MsBSa9gzQ7",NA,"1",1,2,4,40,40,"2026-04-17 15:53:08",FALSE,"","exp4"
"MkSoVquyFm",49,"7",2,2,2,40,10,"2026-04-17 15:43:25",FALSE,"<ol><li>Struggle to sit still</li><li>Act impulsively </li><li>Interrupt people</li><li>Difficulty concentrating</li><li>Easily frustrated</li></ol>","exp4"
"fiU1YyEStr",76,"7",2,4,4,25,20,"2026-04-17 16:03:36",TRUE,"<ol><li>Failing to complete tasks</li><li>Interrupting other people</li><li>Lack of concentration</li><li>Inability to control impulses</li><li>Mood swings</li></ol>","exp4"
"dTboheb1oR",NA,"1",1,5,5,65,50,"2026-04-17 16:03:39",FALSE,"","exp4"
"nrh1BPv1da",7,"7",2,3,3,30,20,"2026-04-17 16:10:41",FALSE,"<ol><li>Not being able to focus</li><li>Restless brain</li><li>Cannot stay organised</li><li>Poor planning</li><li>Impulsive decision making</li></ol>","exp4"
"M1fKpDp2IZ",NA,"1",2,4,4,15,10,"2026-04-17 16:15:27",TRUE,"","exp4"
"62oWvCONsy",NA,"1",2,4,5,45,40,"2026-04-17 16:28:27",FALSE,"","exp4"
"c51f1RdGJQ",83,"7",4,5,5,15,15,"2026-04-17 16:30:40",TRUE,"<ol><li>Suddenly losing your temper</li><li>Getting distracted easy</li><li>Boundless energy</li><li>Not acting before thinking</li><li>Not reading others' emotions</li></ol>","exp4"
"KudQAuuNZ5",NA,"1",2,5,4,20,20,"2026-04-17 16:50:23",TRUE,"","exp4"
"xyeop8bFta",56,"7",1,5,5,13,12,"2026-04-17 17:05:16",TRUE,"<ol><li>Wriggling on carpet during carpet time in school</li><li>Leaving table during meals </li><li>Taking ages to leave house </li><li>Eyes wandering when spoken to </li><li>Hyper sensitive to not finishing work on time</li></ol>","exp4"
"wwrfTUcHja",37,"7",1,3,4,10,10,"2026-04-17 17:12:32",TRUE,"<ol><li>Being overexcited, like a puppy, in an active, bouncy manner.</li><li>Speaking too much, either interrupting or misreading the recipient's interest in a general topic.</li><li>Missing appointments consecutively.</li><li>Almost obsessive interests/hobbies taken to extremes of collecting materials/ tools/ belongings.</li><li>Unable to read or interpret emotions/ feelings during a conversation, missing social cues.</li></ol>","exp4"
"MIDkcfMmXx",NA,"1",1,5,5,25,15,"2026-04-17 17:18:50",TRUE,"","exp4"
"xn0ObNH9fd",50,"7",2,4,4,30,15,"2026-04-17 17:30:20",TRUE,"<ol><li>Interrupting other people in meetings</li><li>Not being able to sit still</li><li>Putting off starting tasks </li><li>Not being able to concentrate </li><li>Being the loudest in the room</li></ol>","exp4"
"YBmRJjztk3",NA,"1",1,2,2,20,5,"2026-04-17 17:36:56",TRUE,"","exp4"
"rd6NsVZ66n",53,"7",3,2,2,30,40,"2026-04-17 17:43:39",TRUE,"<ol><li>Your mind racing with lots of thoughts all at once</li><li>Speaking over others before it is your turn to speak</li><li>Not being able to concentrate for extended periods of time</li><li>Difficulty processing spoken or written information</li><li>Being untidy - a state of organised chaos.</li></ol>","exp4"
"qOChFO5aWS",NA,"1",1,3,4,23,21,"2026-04-17 17:48:44",TRUE,"","exp4"
"9eqIkrXksr",NA,"1",2,4,4,25,10,"2026-04-17 17:55:57",TRUE,"","exp4"
"yeqGvqZkFt",75,"7",2,4,4,10,9,"2026-04-17 18:01:55",TRUE,"<ol><li>Unable to connect with someone</li><li>Fixating on one job or thing</li><li>Constantly moving about</li><li>Being good at certain tasks</li><li>Not being able to finish a job</li></ol>","exp4"
"iIIxMYvom8",67,"7",1,2,2,20,15,"2026-04-17 17:47:16",FALSE,"<ol><li>Unable to concentrate at work</li><li>Unable to finish a task</li><li>Unable to watch a movie without also using your phone</li><li>Getting sad and happy in short succession</li><li>Unable to pay attention during conversations</li></ol>","exp4"
"DyH1LMT4Ut",52,"7",1,2,1,30,20,"2026-04-17 18:12:09",FALSE,"<ol><li>Trouble focusing on tasks that require heavy focus</li><li>Zoning out at random times of the day </li><li>Making random impulsive decisions </li><li>Starting certain tasks and feeling reluctant to complete them</li><li>Difficulty following instructions</li></ol>","exp4"
"ll0LlgTIHz",NA,"1",2,1,4,15,10,"2026-04-17 18:09:30",TRUE,"","exp4"
"svDeeda6ys",NA,"1",1,1,2,30,30,"2026-04-17 18:33:18",TRUE,"","exp4"
"FnUwt9A8Pn",14,"7",1,3,3,20,20,"2026-04-17 18:42:40",TRUE,"<ol><li>Cannot keep still and always fidgetting/stimming</li><li>Very forgetful short term - missplace keys, wallet, phone, stim toys, </li><li> Mood swings</li><li>Inefficient ways of moving things - if you have to move 5 items, you'll move 4 on one trip then come back for the last</li><li>Restless conversations - interrupt or feel like a lot</li></ol>","exp4"
"oQyB9tWy3F",NA,"1",2,4,3,30,30,"2026-04-17 18:48:38",TRUE,"","exp4"
"avAOh7MZ1v",6,"7",1,2,2,35,15,"2026-04-17 18:54:18",TRUE,"<ol><li>Easily lose focus when listening</li><li>Putting yourself into dangerous situations</li><li>Being addicted to gambling</li><li>Unable to keep attention for a long time</li><li>Being loud and hyperactive </li></ol>","exp4"
"JkTsm8NHyi",44,"7",1,1,1,20,20,"2026-04-17 19:00:33",TRUE,"<ol><li>Inability to focus on a train of thought</li><li>Inability to keep still</li><li>Poor memory </li><li>Fast talking or actions</li><li>Easily distracted</li></ol>","exp4"
"Nwu7G8QHlO",NA,"1",1,2,3,20,15,"2026-04-17 19:07:04",TRUE,"","exp4"
"hZFnRxiZzB",45,"7",2,4,1,5,1,"2026-04-17 19:15:36",FALSE,"<ol><li>Unable to stay still</li><li>Difficult to sustain attention</li><li>Fidgeting</li><li>Deorganisation</li><li>Impulsivity</li></ol>","exp4"
"SX2QDUrNzu",NA,"1",3,4,4,18,30,"2026-04-17 19:14:19",TRUE,"","exp4"
"RT4IT2TBRo",38,"7",2,4,2,20,20,"2026-04-17 19:25:00",TRUE,"<ol><li>Inability to concentrate in conversation, easily distracted so might come across as not listening.</li><li>A need to always be doing something but often chopping and changing tasks.</li><li>Linked to the above, reduced ability to concentrate on something for a long period of time.</li><li>Fidgeting, constantly moving, wriggling, a general inability to be still.</li><li>Unorganised, poor at time-management, disordered living space.</li></ol>","exp4"
"GrJWM9zpXB",NA,"1",3,1,1,25,10,"2026-04-17 19:37:15",TRUE,"","exp4"
"ZeGYAyQXwh",66,"7",1,4,4,20,20,"2026-04-17 19:44:57",TRUE,"<ol><li>Trouble focusing</li><li>Lack of organisational skills</li><li>Constant internal narrative </li><li>Constantly worrying</li><li>Forgetting things</li></ol>","exp4"
"ecC6dwlm3x",33,"7",1,3,3,30,30,"2026-04-17 19:52:07",TRUE,"<ol><li>Being easily distracted i.e. not being able to concentrate on things for very long</li><li>Being forgetful</li><li>Bad time keeping</li><li>Not listening properly </li><li>Jumping from one thing to another in a conversation</li></ol>","exp4"
"TiUNdeQVEp",NA,"1",4,4,4,70,40,"2026-04-17 20:26:21",FALSE,"","exp4"
"qazRG3Ewee",NA,"1",4,4,2,70,30,"2026-04-17 22:54:00",TRUE,"","exp4"
"qWh9tTCiWh",105,"7",3,2,2,15,7,"2026-04-18 07:26:09",FALSE,"<ol><li>Fidgeting during a seated discussion such as a seminar or lecture and being unable to sit still</li><li>Butting in the middle of a conversation, when it would not be your turn to answer</li><li>Not remembering to attend things, and being very forgetful with pre-planned appointments</li><li>Not being able to stay in one place for long - constantly moving from place to place</li><li>Struggling to remember numbers - such as phone pin</li></ol>","exp4"
"nQooWMyKbC",111,"7",1,3,2,5,4,"2026-04-20 13:45:08",FALSE,"<ol><li>Making a schedule of your morning routine, so you don't forget to shower, or eat breakfast.</li><li>Trying to read a book for school, but constantly being distracted by anything else.</li><li>Not being able to remember what someone has just said to you as you were tuning out when someone else was talking.</li><li>Extreme outbursts and emotional reactivity.</li><li>Exhaustion and fatigue from inability to do other things causing eventual burnout.</li></ol>","exp4"
"sWyDMfRtc7",NA,"1",2,2,1,40,30,"2026-04-20 13:43:16",FALSE,"","exp4"
"2us63COFDw",16,"7",3,2,2,20,15,"2026-04-20 13:44:18",FALSE,"<ol><li>Finding it hard to concentrate - for example, when in a classroom or workplace environment, it could even be as simple as trying to concentrate on reading a passage of text.</li><li>Losing focus may happen - when working on a piece of work or listening to someone in conversation</li><li>People with ADHD might find it hard to sit still when they have to - particularly in classrooms and work environments</li><li>Hyperactivity may look like not being able to stay still in places that deem it necessary or just seeming full of energy - maybe walking fast, talking fast, also jumping from one thing to the next </li><li>People with ADHD might say things without properly thinking out the consequences like shouting out an answer when supposed to put up their hand or making a joke that isn't well thought out </li></ol>","exp4"
"FSyZipngKX",92,"7",2,2,1,15,10,"2026-04-20 13:47:55",TRUE,"<ol><li>Forgetting an instruction soon after being told it</li><li>Tapping your feet restlessly in a waiting room</li><li>Sharing intimate details by accident in a conversation with a stranger</li><li>Starting multiple projects at a time and not finishing them</li><li>Finding it difficult to do daily tasks consistently</li></ol>","exp4"
"NFHxABYxCi",NA,"1",3,2,1,20,1,"2026-04-20 13:43:36",FALSE,"","exp4"
"Ax9ePEPUfN",86,"7",3,2,2,30,5,"2026-04-20 13:57:51",FALSE,"<ol><li>Difficulty sticking and focusing to one task</li><li>Difficulty sitting still</li><li>Intense fixations on one topic before getting bored and moving to a different one</li><li>Thrill seeking behaviour</li><li>Time blindness</li></ol>","exp4"
"P5sbYUUMtw",NA,"1",1,1,3,30,25,"2026-04-20 13:56:49",FALSE,"","exp4"
"7PYtEUhMKu",NA,"1",2,2,1,10,7,"2026-04-20 13:47:40",FALSE,"","exp4"
"QyD1kSFTaN",97,"7",2,2,1,20,5,"2026-04-20 14:24:43",FALSE,"<ol><li>Fidgeting in your chair</li><li>Looking around when someone is talking to you</li><li>Unable to remember things</li><li>Playing with objects continually </li><li>Hyperactivity</li></ol>","exp4"
"zlqzFOCWSr",47,"7",5,2,2,4,4,"2026-04-20 14:01:43",TRUE,"<ol><li>Unable to concentrate.</li><li>Easily distracted.</li><li>Hyperactive.</li><li>Losing track of conversations.</li><li>Lack of focus.</li></ol>","exp4"
"RPtd6BMsZa",NA,"1",4,4,4,15,15,"2026-04-20 14:07:38",FALSE,"","exp4"
"BVFuGZ9CE2",71,"7",2,1,1,5,2,"2026-04-20 14:46:29",FALSE,"<ol><li>Unable to concentrate on demanding tasks</li><li>Constant shift of focus</li><li>Unable to sit still for long periods of time (e.g. classroom)</li><li>Losing track of time when doing something enjoyable (e.g. playing music)</li><li>Arriving late to appointments
</li></ol>","exp4"
"PmLFeZlxHJ",NA,"1",1,2,2,15,10,"2026-04-20 15:52:48",FALSE,"","exp4"
"l4CC5ToVgm",NA,"1",1,4,4,13,8,"2026-04-21 07:41:42",FALSE,"","exp4"
"qGNTprmXvl",3,"7",1,1,1,5,4,"2026-04-21 15:26:01",FALSE,"<ol><li>Being unable to concentrate on one task at a time.</li><li>Changing subject mid-conversation multiple times</li><li>Not being able to concentrate on a long video/conversation</li><li>Having excessive energy</li><li>Being unable to switch your brain off at night time/when trying to sleep.</li></ol>","exp4"
"R2jsjGZ2nR",NA,"1",1,2,2,5,4,"2026-04-22 09:22:04",FALSE,"","exp4"
"iiLOrUlbhd",73,"7",2,2,2,10,5,"2026-04-22 15:27:31",FALSE,"<ol><li>Cannot focus on one task</li><li>Sometimes hyperactive</li><li>In children, badly behaved</li><li>Impulsive</li><li>Forgetful</li></ol>","exp4"
"wuzoOQtpLg",112,"7",2,4,4,60,40,"2026-04-22 22:54:12",FALSE,"<ol><li>Being unable to focus on one thing at a time</li><li>Starting a task and not finishing it </li><li>Getting overwhelmed when you have a lot to do </li><li>Finding it hard to sit still and not fidget</li><li>Not making eye contact during conversations</li></ol>","exp4"
